3761.00000,2.00000,-0.00100,0.01000
3768.00000,2.00000,-0.18500,0.01000
3789.00000,2.00000,-0.18500,0.01000
3811.00000,2.00000,-0.20500,0.01000
3827.00000,2.00000,-0.21500,0.01000
3845.00000,2.00000,-0.22500,0.01000
3861.00000,2.00000,-0.23500,0.01000
3877.00000,2.00000,-0.23500,0.01000
3894.00000,2.00000,-0.22500,0.01000
3912.00000,2.00000,-0.21500,0.01000
3927.00000,2.00000,-0.21500,0.01000
3944.00000,2.00000,-0.21500,0.01000
3961.00000,2.00000,-0.21500,0.01000
3977.00000,2.00000,-0.21500,0.01000
3994.00000,2.00000,-0.21500,0.01000
4011.00000,2.00000,-0.21500,0.01000
4027.00000,2.00000,-0.21500,0.01000
4044.00000,2.00000,-0.21500,0.01000
4060.00000,2.00000,-0.21500,0.01000
4078.00000,2.00000,-0.21500,0.01000
4093.00000,2.00000,-0.21500,0.01000
4111.00000,2.00000,-0.21500,0.01000
4128.00000,2.00000,-0.21500,0.01000
4144.00000,2.00000,-0.21500,0.01000
4160.00000,2.00000,-0.21500,0.01000
4177.00000,2.00000,-0.21500,0.01000
4196.00000,2.00000,-0.22500,0.01000
4212.00000,2.00000,-0.24500,0.01000
4228.00000,2.00000,-0.27500,0.01000
4244.00000,2.00000,-0.31500,0.01000
4261.00000,2.00000,-0.36500,0.01000
4278.00000,2.00000,-0.41500,0.01000
4294.00000,2.00000,-0.47500,0.01000
4311.00000,2.00000,-0.52500,0.01000
4327.00000,2.00000,-0.57500,0.01000
4344.00000,2.00000,-0.61500,0.01000
4361.00000,2.00000,-0.64500,0.01000
4378.00000,2.00000,-0.68500,0.01000
4395.00000,2.00000,-0.74500,0.01000
4412.00000,2.00000,-0.80500,0.01000
4428.00000,2.00000,-0.86500,0.01000
4445.00000,2.00000,-0.92500,0.01000
4461.00000,2.00000,-0.99500,0.01000
4478.00000,2.00000,-1.05500,0.01000
4495.00000,2.00000,-1.11500,0.01000
4511.00000,2.00000,-1.17500,0.01000
4528.00000,2.00000,-1.23500,0.01000
4545.00000,2.00000,-1.28500,0.01000
4562.00000,2.00000,-1.33500,0.01000
4578.00000,2.00000,-1.38500,0.01000
4595.00000,2.00000,-1.43500,0.01000
4611.00000,2.00000,-1.48500,0.01000
4627.00000,2.00000,-1.53500,0.01000
4645.00000,2.00000,-1.59500,0.01000
4662.00000,2.00000,-1.64500,0.01000
4678.00000,2.00000,-1.69500,0.01000
4695.00000,2.00000,-1.73500,0.01000
4712.00000,2.00000,-1.76500,0.01000
4729.00000,2.00000,-1.77500,0.01000
4745.00000,2.00000,-1.78500,0.01000
4762.00000,2.00000,-1.80500,0.01000
4779.00000,2.00000,-1.80500,0.01000
4795.00000,2.00000,-1.80500,0.01000
4811.00000,2.00000,-1.81500,0.01000
4829.00000,2.00000,-1.82500,0.01000
4846.00000,2.00000,-1.83500,0.01000
4862.00000,2.00000,-1.84500,0.01000
4878.00000,2.00000,-1.85500,0.01000
4896.00000,2.00000,-1.87500,0.01000
4913.00000,2.00000,-1.89500,0.01000
4930.00000,2.00000,-1.89500,0.01000
4944.00000,2.00000,-1.91500,0.01000
4963.00000,2.00000,-1.93500,0.01000
4979.00000,2.00000,-1.94500,0.01000
4995.00000,2.00000,-1.96500,0.01000
5012.00000,2.00000,-1.98500,0.01000
5028.00000,2.00000,-2.00500,0.01000
5046.00000,2.00000,-2.03500,0.01000
5062.00000,2.00000,-2.05500,0.01000
5079.00000,2.00000,-2.06500,0.01000
5095.00000,2.00000,-2.07500,0.01000
5112.00000,2.00000,-2.08500,0.01000
5129.00000,2.00000,-2.10500,0.01000
5145.00000,2.00000,-2.12500,0.01000
5163.00000,2.00000,-2.14500,0.01000
5180.00000,2.00000,-2.16500,0.01000
5195.00000,2.00000,-2.16500,0.01000
5212.00000,2.00000,-2.18500,0.01000
5229.00000,2.00000,-2.20500,0.01000
5245.00000,2.00000,-2.21500,0.01000
5262.00000,2.00000,-2.24500,0.01000
5280.00000,2.00000,-2.25500,0.01000
5296.00000,2.00000,-2.26500,0.01000
5313.00000,2.00000,-2.26500,0.01000
5328.00000,2.00000,-2.26500,0.01000
5346.00000,2.00000,-2.26500,0.01000
5363.00000,2.00000,-2.27500,0.01000
5380.00000,2.00000,-2.29500,0.01000
5396.00000,2.00000,-2.33500,0.01000
5412.00000,2.00000,-2.36500,0.01000
5429.00000,2.00000,-2.38500,0.01000
5446.00000,2.00000,-2.40500,0.01000
5462.00000,2.00000,-2.42500,0.01000
5479.00000,2.00000,-2.44500,0.01000
5496.00000,2.00000,-2.46500,0.01000
5512.00000,2.00000,-2.48500,0.01000
5528.00000,2.00000,-2.48500,0.01000
5546.00000,2.00000,-2.48500,0.01000
5563.00000,2.00000,-2.48500,0.01000
5578.00000,2.00000,-2.48500,0.01000
5596.00000,2.00000,-2.48500,0.01000
5613.00000,2.00000,-2.48500,0.01000
5630.00000,2.00000,-2.48500,0.01000
5646.00000,2.00000,-2.48500,0.01000
5663.00000,2.00000,-2.48500,0.01000
5680.00000,2.00000,-2.48500,0.01000
5696.00000,2.00000,-2.48500,0.01000
5713.00000,2.00000,-2.48500,0.01000
5729.00000,2.00000,-2.48500,0.01000
5746.00000,2.00000,-2.48500,0.01000
5763.00000,2.00000,-2.48500,0.01000
5793.00000,-2.00000,-2.48500,0.01000
5802.00000,-2.00000,-2.48500,0.01000
5813.00000,-2.00000,-2.48500,0.01000
5830.00000,-2.00000,-2.48500,0.01000
5846.00000,-2.00000,-2.48500,0.01000
5862.00000,-2.00000,-2.48500,0.01000
5880.00000,-2.00000,-2.48500,0.01000
5896.00000,-2.00000,-2.48500,0.01000
5913.00000,-2.00000,-2.48500,0.01000
5928.00000,-2.00000,-2.48500,0.01000
5946.00000,-2.00000,-2.48500,0.01000
5963.00000,-2.00000,-2.48500,0.01000
5979.00000,-2.00000,-2.48500,0.01000
5996.00000,-2.00000,-2.48500,0.01000
6013.00000,-2.00000,-2.48500,0.01000
6030.00000,-2.00000,-2.48500,0.01000
6046.00000,-2.00000,-2.48500,0.01000
6062.00000,-2.00000,-2.48500,0.01000
6080.00000,-2.00000,-2.48500,0.01000
6097.00000,-2.00000,-2.48500,0.01000
6112.00000,-2.00000,-2.48500,0.01000
6129.00000,-2.00000,-2.48500,0.01000
6147.00000,-2.00000,-2.48500,0.01000
6163.00000,-2.00000,-2.47500,0.01000
6180.00000,-2.00000,-2.43500,0.01000
6197.00000,-2.00000,-2.39500,0.01000
6213.00000,-2.00000,-2.36500,0.01000
6229.00000,-2.00000,-2.32500,0.01000
6246.00000,-2.00000,-2.28500,0.01000
6262.00000,-2.00000,-2.22500,0.01000
6280.00000,-2.00000,-2.13500,0.01000
6296.00000,-2.00000,-2.03500,0.01000
6313.00000,-2.00000,-1.92500,0.01000
6330.00000,-2.00000,-1.80500,0.01000
6346.00000,-2.00000,-1.69500,0.01000
6363.00000,-2.00000,-1.60500,0.01000
6380.00000,-2.00000,-1.53500,0.01000
6397.00000,-2.00000,-1.45500,0.01000
6413.00000,-2.00000,-1.37500,0.01000
6430.00000,-2.00000,-1.28500,0.01000
6446.00000,-2.00000,-1.19500,0.01000
6463.00000,-2.00000,-1.09500,0.01000
6480.00000,-2.00000,-0.98500,0.01000
6497.00000,-2.00000,-0.89500,0.01000
6513.00000,-2.00000,-0.81500,0.01000
6530.00000,-2.00000,-0.73500,0.01000
6546.00000,-2.00000,-0.66500,0.01000
6563.00000,-2.00000,-0.60500,0.01000
6579.00000,-2.00000,-0.56500,0.01000
6596.00000,-2.00000,-0.51500,0.01000
6613.00000,-2.00000,-0.45500,0.01000
6630.00000,-2.00000,-0.37500,0.01000
6647.00000,-2.00000,-0.28500,0.01000
6663.00000,-2.00000,-0.20500,0.01000
6681.00000,-2.00000,-0.12500,0.01000
6697.00000,-2.00000,-0.02500,0.01000
6713.00000,-2.00000,0.08500,0.01000
6730.00000,-2.00000,0.17500,0.01000
6747.00000,-2.00000,0.27500,0.01000
6763.00000,-2.00000,0.39500,0.01000
6780.00000,-2.00000,0.50500,0.01000
6797.00000,-2.00000,0.62500,0.01000
6813.00000,-2.00000,0.74500,0.01000
6831.00000,-2.00000,0.80500,0.01000
6848.00000,-2.00000,0.84500,0.01000
6864.00000,-2.00000,0.87500,0.01000
6880.00000,-2.00000,0.88500,0.01000
6897.00000,-2.00000,0.88500,0.01000
6913.00000,-2.00000,0.89500,0.01000
6930.00000,-2.00000,0.92500,0.01000
6946.00000,-2.00000,0.95500,0.01000
6963.00000,-2.00000,1.01500,0.01000
6980.00000,-2.00000,1.07500,0.01000
6997.00000,-2.00000,1.15500,0.01000
7013.00000,-2.00000,1.24500,0.01000
7030.00000,-2.00000,1.34500,0.01000
7047.00000,-2.00000,1.45500,0.01000
7063.00000,-2.00000,1.64500,0.01000
7080.00000,-2.00000,1.82500,0.01000
7097.00000,-2.00000,1.94500,0.01000
7114.00000,-2.00000,2.03500,0.01000
7130.00000,-2.00000,2.08500,0.01000
7147.00000,-2.00000,2.11500,0.01000
7164.00000,-2.00000,2.13500,0.01000
7181.00000,-2.00000,2.15500,0.01000
7198.00000,-2.00000,2.15500,0.01000
7215.00000,-2.00000,2.15500,0.01000
7231.00000,-2.00000,2.16500,0.01000
7247.00000,-2.00000,2.18500,0.01000
7265.00000,-2.00000,2.21500,0.01000
7282.00000,-2.00000,2.21500,0.01000
7299.00000,-2.00000,2.21500,0.01000
7314.00000,-2.00000,2.21500,0.01000
7332.00000,-2.00000,2.24500,0.01000
7348.00000,-2.00000,2.26500,0.01000
7365.00000,-2.00000,2.30500,0.01000
7381.00000,-2.00000,2.33500,0.01000
7397.00000,-2.00000,2.38500,0.01000
7413.00000,-2.00000,2.40500,0.01000
7431.00000,-2.00000,2.40500,0.01000
7448.00000,-2.00000,2.40500,0.01000
7465.00000,-2.00000,2.40500,0.01000
7481.00000,-2.00000,2.40500,0.01000
7498.00000,-2.00000,2.40500,0.01000
7514.00000,-2.00000,2.40500,0.01000
7531.00000,-2.00000,2.40500,0.01000
7548.00000,-2.00000,2.40500,0.01000
7565.00000,-2.00000,2.40500,0.01000
7581.00000,-2.00000,2.40500,0.01000
7598.00000,-2.00000,2.40500,0.01000
7614.00000,-2.00000,2.40500,0.01000
7631.00000,-2.00000,2.40500,0.01000
7648.00000,-2.00000,2.40500,0.01000
7665.00000,-2.00000,2.40500,0.01000
7680.00000,-2.00000,2.40500,0.01000
7698.00000,-2.00000,2.40500,0.01000
7714.00000,-2.00000,2.40500,0.01000
7731.00000,-2.00000,2.40500,0.01000
7747.00000,-2.00000,2.40500,0.01000
7764.00000,-2.00000,2.40500,0.01000
7795.00000,2.00000,2.40500,0.01000
7803.00000,2.00000,2.40500,0.01000
7813.00000,2.00000,2.40500,0.01000
7832.00000,2.00000,2.40500,0.01000
7849.00000,2.00000,2.40500,0.01000
7865.00000,2.00000,2.40500,0.01000
7882.00000,2.00000,2.40500,0.01000
7898.00000,2.00000,2.40500,0.01000
7915.00000,2.00000,2.40500,0.01000
7931.00000,2.00000,2.40500,0.01000
7949.00000,2.00000,2.40500,0.01000
7965.00000,2.00000,2.40500,0.01000
7982.00000,2.00000,2.40500,0.01000
7998.00000,2.00000,2.40500,0.01000
8015.00000,2.00000,2.40500,0.01000
8032.00000,2.00000,2.40500,0.01000
8049.00000,2.00000,2.40500,0.01000
8064.00000,2.00000,2.40500,0.01000
8082.00000,2.00000,2.39500,0.01000
8099.00000,2.00000,2.37500,0.01000
8115.00000,2.00000,2.31500,0.01000
8131.00000,2.00000,2.21500,0.01000
8148.00000,2.00000,2.10500,0.01000
8165.00000,2.00000,1.97500,0.01000
8181.00000,2.00000,1.83500,0.01000
8198.00000,2.00000,1.70500,0.01000
8215.00000,2.00000,1.60500,0.01000
8231.00000,2.00000,1.51500,0.01000
8248.00000,2.00000,1.43500,0.01000
8264.00000,2.00000,1.33500,0.01000
8282.00000,2.00000,1.22500,0.01000
8298.00000,2.00000,1.11500,0.01000
8315.00000,2.00000,0.98500,0.01000
8332.00000,2.00000,0.78500,0.01000
8348.00000,2.00000,0.61500,0.01000
8365.00000,2.00000,0.48500,0.01000
8381.00000,2.00000,0.35500,0.01000
8398.00000,2.00000,0.26500,0.01000
8415.00000,2.00000,0.18500,0.01000
8432.00000,2.00000,0.15500,0.01000
8449.00000,2.00000,0.14500,0.01000
8465.00000,2.00000,0.14500,0.01000
8482.00000,2.00000,0.14500,0.01000
8498.00000,2.00000,0.13500,0.01000
8515.00000,2.00000,0.08500,0.01000
8532.00000,2.00000,0.01500,0.01000
8549.00000,2.00000,-0.08500,0.01000
8565.00000,2.00000,-0.23500,0.01000
8582.00000,2.00000,-0.40500,0.01000
8598.00000,2.00000,-0.55500,0.01000
8616.00000,2.00000,-0.67500,0.01000
8632.00000,2.00000,-0.77500,0.01000
8649.00000,2.00000,-0.87500,0.01000
8665.00000,2.00000,-0.95500,0.01000
8682.00000,2.00000,-1.01500,0.01000
8698.00000,2.00000,-1.08500,0.01000
8715.00000,2.00000,-1.17500,0.01000
8732.00000,2.00000,-1.26500,0.01000
8749.00000,2.00000,-1.38500,0.01000
8765.00000,2.00000,-1.52500,0.01000
8782.00000,2.00000,-1.67500,0.01000
8799.00000,2.00000,-1.83500,0.01000
8815.00000,2.00000,-1.96500,0.01000
8832.00000,2.00000,-2.08500,0.01000
8848.00000,2.00000,-2.25500,0.01000
8865.00000,2.00000,-2.39500,0.01000
8882.00000,2.00000,-2.49500,0.01000
8899.00000,2.00000,-2.52500,0.01000
8915.00000,2.00000,-2.52500,0.01000
8933.00000,2.00000,-2.52500,0.01000
8949.00000,2.00000,-2.52500,0.01000
8966.00000,2.00000,-2.52500,0.01000
8981.00000,2.00000,-2.52500,0.01000
8999.00000,2.00000,-2.52500,0.01000
9016.00000,2.00000,-2.52500,0.01000
9032.00000,2.00000,-2.52500,0.01000
9050.00000,2.00000,-2.52500,0.01000
9066.00000,2.00000,-2.52500,0.01000
9082.00000,2.00000,-2.52500,0.01000
9099.00000,2.00000,-2.52500,0.01000
9116.00000,2.00000,-2.52500,0.01000
9133.00000,2.00000,-2.52500,0.01000
9150.00000,2.00000,-2.52500,0.01000
9165.00000,2.00000,-2.52500,0.01000
9182.00000,2.00000,-2.52500,0.01000
9199.00000,2.00000,-2.52500,0.01000
9216.00000,2.00000,-2.52500,0.01000
9233.00000,2.00000,-2.52500,0.01000
9249.00000,2.00000,-2.52500,0.01000
9266.00000,2.00000,-2.52500,0.01000
9283.00000,2.00000,-2.52500,0.01000
9299.00000,2.00000,-2.52500,0.01000
9315.00000,2.00000,-2.52500,0.01000
9333.00000,2.00000,-2.52500,0.01000
9350.00000,2.00000,-2.52500,0.01000
9366.00000,2.00000,-2.52500,0.01000
9383.00000,2.00000,-2.52500,0.01000
9400.00000,2.00000,-2.52500,0.01000
9417.00000,2.00000,-2.52500,0.01000
9432.00000,2.00000,-2.52500,0.01000
9450.00000,2.00000,-2.52500,0.01000
9466.00000,2.00000,-2.52500,0.01000
9483.00000,2.00000,-2.52500,0.01000
9499.00000,2.00000,-2.52500,0.01000
9515.00000,2.00000,-2.52500,0.01000
9532.00000,2.00000,-2.52500,0.01000
9549.00000,2.00000,-2.52500,0.01000
9566.00000,2.00000,-2.52500,0.01000
9582.00000,2.00000,-2.52500,0.01000
9599.00000,2.00000,-2.52500,0.01000
9615.00000,2.00000,-2.52500,0.01000
9633.00000,2.00000,-2.52500,0.01000
9650.00000,2.00000,-2.52500,0.01000
9666.00000,2.00000,-2.52500,0.01000
9683.00000,2.00000,-2.52500,0.01000
9699.00000,2.00000,-2.52500,0.01000
9716.00000,2.00000,-2.52500,0.01000
9732.00000,2.00000,-2.52500,0.01000
9749.00000,2.00000,-2.52500,0.01000
9766.00000,2.00000,-2.52500,0.01000
9796.00000,-2.00000,-2.52500,0.01000
9804.00000,-2.00000,-2.52500,0.01000
9816.00000,-2.00000,-2.52500,0.01000
9833.00000,-2.00000,-2.52500,0.01000
9850.00000,-2.00000,-2.52500,0.01000
9867.00000,-2.00000,-2.52500,0.01000
9883.00000,-2.00000,-2.52500,0.01000
9900.00000,-2.00000,-2.52500,0.01000
9916.00000,-2.00000,-2.52500,0.01000
9932.00000,-2.00000,-2.52500,0.01000
9949.00000,-2.00000,-2.52500,0.01000
9966.00000,-2.00000,-2.52500,0.01000
9982.00000,-2.00000,-2.52500,0.01000
9999.00000,-2.00000,-2.52500,0.01000
10016.00000,-2.00000,-2.51500,0.01000
10033.00000,-2.00000,-2.51500,0.01000
10050.00000,-2.00000,-2.51500,0.01000
10067.00000,-2.00000,-2.51500,0.01000
10083.00000,-2.00000,-2.51500,0.01000
10100.00000,-2.00000,-2.51500,0.01000
10117.00000,-2.00000,-2.51500,0.01000
10133.00000,-2.00000,-2.51500,0.01000
10150.00000,-2.00000,-2.49500,0.01000
10166.00000,-2.00000,-2.46500,0.01000
10183.00000,-2.00000,-2.43500,0.01000
10200.00000,-2.00000,-2.39500,0.01000
10216.00000,-2.00000,-2.34500,0.01000
10233.00000,-2.00000,-2.27500,0.01000
10250.00000,-2.00000,-2.23500,0.01000
10267.00000,-2.00000,-2.18500,0.01000
10284.00000,-2.00000,-2.14500,0.01000
10300.00000,-2.00000,-2.09500,0.01000
10317.00000,-2.00000,-2.03500,0.01000
10334.00000,-2.00000,-1.96500,0.01000
10350.00000,-2.00000,-1.89500,0.01000
10368.00000,-2.00000,-1.78500,0.01000
10383.00000,-2.00000,-1.68500,0.01000
10401.00000,-2.00000,-1.58500,0.01000
10417.00000,-2.00000,-1.49500,0.01000
10434.00000,-2.00000,-1.38500,0.01000
10451.00000,-2.00000,-1.29500,0.01000
10467.00000,-2.00000,-1.18500,0.01000
10484.00000,-2.00000,-1.08500,0.01000
10500.00000,-2.00000,-0.98500,0.01000
10517.00000,-2.00000,-0.86500,0.01000
10534.00000,-2.00000,-0.77500,0.01000
10552.00000,-2.00000,-0.72500,0.01000
10568.00000,-2.00000,-0.59500,0.01000
10585.00000,-2.00000,-0.49500,0.01000
10601.00000,-2.00000,-0.39500,0.01000
10617.00000,-2.00000,-0.29500,0.01000
10634.00000,-2.00000,-0.18500,0.01000
10651.00000,-2.00000,-0.07500,0.01000
10668.00000,-2.00000,0.03500,0.01000
10684.00000,-2.00000,0.13500,0.01000
10701.00000,-2.00000,0.23500,0.01000
10717.00000,-2.00000,0.32500,0.01000
10734.00000,-2.00000,0.41500,0.01000
10751.00000,-2.00000,0.50500,0.01000
10767.00000,-2.00000,0.57500,0.01000
10785.00000,-2.00000,0.65500,0.01000
10801.00000,-2.00000,0.71500,0.01000
10817.00000,-2.00000,0.79500,0.01000
10834.00000,-2.00000,0.86500,0.01000
10851.00000,-2.00000,0.96500,0.01000
10868.00000,-2.00000,1.08500,0.01000
10884.00000,-2.00000,1.21500,0.01000
10900.00000,-2.00000,1.32500,0.01000
10918.00000,-2.00000,1.41500,0.01000
10934.00000,-2.00000,1.47500,0.01000
10951.00000,-2.00000,1.52500,0.01000
10967.00000,-2.00000,1.56500,0.01000
10985.00000,-2.00000,1.59500,0.01000
11001.00000,-2.00000,1.62500,0.01000
11017.00000,-2.00000,1.66500,0.01000
11034.00000,-2.00000,1.70500,0.01000
11051.00000,-2.00000,1.75500,0.01000
11068.00000,-2.00000,1.81500,0.01000
11085.00000,-2.00000,1.88500,0.01000
11102.00000,-2.00000,1.93500,0.01000
11118.00000,-2.00000,1.97500,0.01000
11134.00000,-2.00000,2.00500,0.01000
11151.00000,-2.00000,2.02500,0.01000
11168.00000,-2.00000,2.03500,0.01000
11185.00000,-2.00000,2.06500,0.01000
11201.00000,-2.00000,2.08500,0.01000
11218.00000,-2.00000,2.11500,0.01000
11234.00000,-2.00000,2.12500,0.01000
11252.00000,-2.00000,2.14500,0.01000
11268.00000,-2.00000,2.15500,0.01000
11286.00000,-2.00000,2.17500,0.01000
11302.00000,-2.00000,2.19500,0.01000
11319.00000,-2.00000,2.24500,0.01000
11335.00000,-2.00000,2.29500,0.01000
11351.00000,-2.00000,2.33500,0.01000
11367.00000,-2.00000,2.35500,0.01000
11384.00000,-2.00000,2.36500,0.01000
11401.00000,-2.00000,2.36500,0.01000
11418.00000,-2.00000,2.36500,0.01000
11435.00000,-2.00000,2.36500,0.01000
11451.00000,-2.00000,2.36500,0.01000
11468.00000,-2.00000,2.36500,0.01000
11485.00000,-2.00000,2.36500,0.01000
11501.00000,-2.00000,2.36500,0.01000
11518.00000,-2.00000,2.36500,0.01000
11535.00000,-2.00000,2.36500,0.01000
11551.00000,-2.00000,2.36500,0.01000
11569.00000,-2.00000,2.36500,0.01000
11584.00000,-2.00000,2.36500,0.01000
11602.00000,-2.00000,2.36500,0.01000
11618.00000,-2.00000,2.36500,0.01000
11634.00000,-2.00000,2.36500,0.01000
11651.00000,-2.00000,2.36500,0.01000
11668.00000,-2.00000,2.36500,0.01000
11685.00000,-2.00000,2.36500,0.01000
11702.00000,-2.00000,2.36500,0.01000
11718.00000,-2.00000,2.36500,0.01000
11735.00000,-2.00000,2.36500,0.01000
11751.00000,-2.00000,2.36500,0.01000
11768.00000,-2.00000,2.36500,0.01000
11796.00000,2.00000,2.36500,0.01000
11805.00000,2.00000,2.36500,0.01000
11819.00000,2.00000,2.36500,0.01000
11835.00000,2.00000,2.36500,0.01000
11852.00000,2.00000,2.36500,0.01000
11869.00000,2.00000,2.36500,0.01000
11885.00000,2.00000,2.36500,0.01000
11901.00000,2.00000,2.36500,0.01000
11919.00000,2.00000,2.36500,0.01000
11936.00000,2.00000,2.36500,0.01000
11951.00000,2.00000,2.36500,0.01000
11968.00000,2.00000,2.36500,0.01000
11986.00000,2.00000,2.36500,0.01000
12002.00000,2.00000,2.36500,0.01000
12019.00000,2.00000,2.36500,0.01000
12034.00000,2.00000,2.36500,0.01000
12052.00000,2.00000,2.36500,0.01000
12069.00000,2.00000,2.36500,0.01000
12086.00000,2.00000,2.36500,0.01000
12102.00000,2.00000,2.35500,0.01000
12118.00000,2.00000,2.33500,0.01000
12135.00000,2.00000,2.28500,0.01000
12152.00000,2.00000,2.21500,0.01000
12169.00000,2.00000,2.15500,0.01000
12185.00000,2.00000,2.07500,0.01000
12203.00000,2.00000,1.99500,0.01000
12218.00000,2.00000,1.88500,0.01000
12236.00000,2.00000,1.76500,0.01000
12252.00000,2.00000,1.62500,0.01000
12269.00000,2.00000,1.48500,0.01000
12286.00000,2.00000,1.34500,0.01000
12302.00000,2.00000,1.21500,0.01000
12319.00000,2.00000,1.11500,0.01000
12335.00000,2.00000,1.01500,0.01000
12352.00000,2.00000,0.89500,0.01000
12369.00000,2.00000,0.79500,0.01000
12386.00000,2.00000,0.70500,0.01000
12402.00000,2.00000,0.63500,0.01000
12418.00000,2.00000,0.58500,0.01000
12435.00000,2.00000,0.55500,0.01000
12452.00000,2.00000,0.52500,0.01000
12469.00000,2.00000,0.47500,0.01000
12486.00000,2.00000,0.40500,0.01000
12503.00000,2.00000,0.32500,0.01000
12519.00000,2.00000,0.21500,0.01000
12536.00000,2.00000,0.05500,0.01000
12553.00000,2.00000,-0.10500,0.01000
12569.00000,2.00000,-0.24500,0.01000
12587.00000,2.00000,-0.37500,0.01000
12603.00000,2.00000,-0.45500,0.01000
12619.00000,2.00000,-0.50500,0.01000
12636.00000,2.00000,-0.52500,0.01000
12654.00000,2.00000,-0.52500,0.01000
12669.00000,2.00000,-0.54500,0.01000
12686.00000,2.00000,-0.60500,0.01000
12703.00000,2.00000,-0.68500,0.01000
12720.00000,2.00000,-0.77500,0.01000
12737.00000,2.00000,-0.85500,0.01000
12753.00000,2.00000,-0.93500,0.01000
12770.00000,2.00000,-1.02500,0.01000
12787.00000,2.00000,-1.12500,0.01000
12803.00000,2.00000,-1.24500,0.01000
12820.00000,2.00000,-1.34500,0.01000
12837.00000,2.00000,-1.41500,0.01000
12853.00000,2.00000,-1.44500,0.01000
12870.00000,2.00000,-1.46500,0.01000
12886.00000,2.00000,-1.47500,0.01000
12903.00000,2.00000,-1.49500,0.01000
12919.00000,2.00000,-1.50500,0.01000
12936.00000,2.00000,-1.52500,0.01000
12953.00000,2.00000,-1.54500,0.01000
12970.00000,2.00000,-1.56500,0.01000
12985.00000,2.00000,-1.57500,0.01000
13003.00000,2.00000,-1.60500,0.01000
13020.00000,2.00000,-1.63500,0.01000
13037.00000,2.00000,-1.65500,0.01000
13053.00000,2.00000,-1.67500,0.01000
13070.00000,2.00000,-1.69500,0.01000
13087.00000,2.00000,-1.71500,0.01000
13103.00000,2.00000,-1.73500,0.01000
13120.00000,2.00000,-1.78500,0.01000
13137.00000,2.00000,-1.84500,0.01000
13153.00000,2.00000,-1.91500,0.01000
13169.00000,2.00000,-2.00500,0.01000
13186.00000,2.00000,-2.07500,0.01000
13203.00000,2.00000,-2.12500,0.01000
13219.00000,2.00000,-2.14500,0.01000
13236.00000,2.00000,-2.16500,0.01000
13253.00000,2.00000,-2.17500,0.01000
13270.00000,2.00000,-2.18500,0.01000
13287.00000,2.00000,-2.19500,0.01000
13304.00000,2.00000,-2.20500,0.01000
13321.00000,2.00000,-2.20500,0.01000
13336.00000,2.00000,-2.21500,0.01000
13353.00000,2.00000,-2.21500,0.01000
13370.00000,2.00000,-2.22500,0.01000
13386.00000,2.00000,-2.23500,0.01000
13403.00000,2.00000,-2.25500,0.01000
13419.00000,2.00000,-2.27500,0.01000
13436.00000,2.00000,-2.28500,0.01000
13453.00000,2.00000,-2.30500,0.01000
13470.00000,2.00000,-2.31500,0.01000
13486.00000,2.00000,-2.32500,0.01000
13503.00000,2.00000,-2.32500,0.01000
13520.00000,2.00000,-2.33500,0.01000
13536.00000,2.00000,-2.34500,0.01000
13553.00000,2.00000,-2.34500,0.01000
13570.00000,2.00000,-2.35500,0.01000
13587.00000,2.00000,-2.38500,0.01000
13603.00000,2.00000,-2.40500,0.01000
13620.00000,2.00000,-2.44500,0.01000
13637.00000,2.00000,-2.47500,0.01000
13653.00000,2.00000,-2.48500,0.01000
13671.00000,2.00000,-2.48500,0.01000
13688.00000,2.00000,-2.49500,0.01000
13703.00000,2.00000,-2.49500,0.01000
13721.00000,2.00000,-2.49500,0.01000
13737.00000,2.00000,-2.49500,0.01000
13754.00000,2.00000,-2.49500,0.01000
13782.00000,-2.00000,-2.49500,0.01000
13792.00000,-2.00000,-2.49500,0.01000
13803.00000,-2.00000,-2.49500,0.01000
13821.00000,-2.00000,-2.49500,0.01000
13838.00000,-2.00000,-2.49500,0.01000
13853.00000,-2.00000,-2.49500,0.01000
13870.00000,-2.00000,-2.49500,0.01000
13887.00000,-2.00000,-2.49500,0.01000
13904.00000,-2.00000,-2.49500,0.01000
13920.00000,-2.00000,-2.49500,0.01000
13937.00000,-2.00000,-2.49500,0.01000
13955.00000,-2.00000,-2.49500,0.01000
13971.00000,-2.00000,-2.49500,0.01000
13987.00000,-2.00000,-2.49500,0.01000
14004.00000,-2.00000,-2.49500,0.01000
14021.00000,-2.00000,-2.49500,0.01000
14037.00000,-2.00000,-2.48500,0.01000
14054.00000,-2.00000,-2.48500,0.01000
14072.00000,-2.00000,-2.48500,0.01000
14087.00000,-2.00000,-2.47500,0.01000
14105.00000,-2.00000,-2.45500,0.01000
14121.00000,-2.00000,-2.42500,0.01000
14137.00000,-2.00000,-2.36500,0.01000
14154.00000,-2.00000,-2.28500,0.01000
14171.00000,-2.00000,-2.18500,0.01000
14187.00000,-2.00000,-2.07500,0.01000
14204.00000,-2.00000,-1.98500,0.01000
14220.00000,-2.00000,-1.89500,0.01000
14237.00000,-2.00000,-1.81500,0.01000
14254.00000,-2.00000,-1.74500,0.01000
14270.00000,-2.00000,-1.65500,0.01000
14287.00000,-2.00000,-1.56500,0.01000
14304.00000,-2.00000,-1.49500,0.01000
14320.00000,-2.00000,-1.42500,0.01000
14338.00000,-2.00000,-1.35500,0.01000
14354.00000,-2.00000,-1.28500,0.01000
14372.00000,-2.00000,-1.20500,0.01000
14387.00000,-2.00000,-1.09500,0.01000
14404.00000,-2.00000,-0.97500,0.01000
14420.00000,-2.00000,-0.83500,0.01000
14438.00000,-2.00000,-0.67500,0.01000
14455.00000,-2.00000,-0.55500,0.01000
14470.00000,-2.00000,-0.47500,0.01000
14488.00000,-2.00000,-0.41500,0.01000
14505.00000,-2.00000,-0.37500,0.01000
14520.00000,-2.00000,-0.32500,0.01000
14537.00000,-2.00000,-0.26500,0.01000
14554.00000,-2.00000,-0.17500,0.01000
14571.00000,-2.00000,-0.04500,0.01000
14588.00000,-2.00000,0.11500,0.01000
14605.00000,-2.00000,0.30500,0.01000
14621.00000,-2.00000,0.45500,0.01000
14638.00000,-2.00000,0.58500,0.01000
14655.00000,-2.00000,0.67500,0.01000
14671.00000,-2.00000,0.71500,0.01000
14689.00000,-2.00000,0.75500,0.01000
14705.00000,-2.00000,0.76500,0.01000
14721.00000,-2.00000,0.80500,0.01000
14737.00000,-2.00000,0.85500,0.01000
14755.00000,-2.00000,0.93500,0.01000
14771.00000,-2.00000,1.03500,0.01000
14788.00000,-2.00000,1.12500,0.01000
14805.00000,-2.00000,1.20500,0.01000
14822.00000,-2.00000,1.27500,0.01000
14838.00000,-2.00000,1.32500,0.01000
14854.00000,-2.00000,1.36500,0.01000
14872.00000,-2.00000,1.39500,0.01000
14888.00000,-2.00000,1.43500,0.01000
14905.00000,-2.00000,1.47500,0.01000
14921.00000,-2.00000,1.52500,0.01000
14938.00000,-2.00000,1.57500,0.01000
14955.00000,-2.00000,1.62500,0.01000
14971.00000,-2.00000,1.68500,0.01000
14989.00000,-2.00000,1.73500,0.01000
15004.00000,-2.00000,1.78500,0.01000
15022.00000,-2.00000,1.83500,0.01000
15038.00000,-2.00000,1.88500,0.01000
15055.00000,-2.00000,1.92500,0.01000
15073.00000,-2.00000,1.95500,0.01000
15089.00000,-2.00000,1.98500,0.01000
15104.00000,-2.00000,2.01500,0.01000
15121.00000,-2.00000,2.07500,0.01000
15139.00000,-2.00000,2.14500,0.01000
15155.00000,-2.00000,2.21500,0.01000
15172.00000,-2.00000,2.26500,0.01000
15189.00000,-2.00000,2.28500,0.01000
15205.00000,-2.00000,2.29500,0.01000
15223.00000,-2.00000,2.30500,0.01000
15239.00000,-2.00000,2.31500,0.01000
15256.00000,-2.00000,2.33500,0.01000
15272.00000,-2.00000,2.34500,0.01000
15289.00000,-2.00000,2.36500,0.01000
15304.00000,-2.00000,2.37500,0.01000
15322.00000,-2.00000,2.38500,0.01000
15339.00000,-2.00000,2.39500,0.01000
15355.00000,-2.00000,2.39500,0.01000
15372.00000,-2.00000,2.40500,0.01000
15389.00000,-2.00000,2.41500,0.01000
15405.00000,-2.00000,2.42500,0.01000
15421.00000,-2.00000,2.43500,0.01000
15439.00000,-2.00000,2.44500,0.01000
15455.00000,-2.00000,2.44500,0.01000
15472.00000,-2.00000,2.45500,0.01000
15489.00000,-2.00000,2.45500,0.01000
15506.00000,-2.00000,2.45500,0.01000
15522.00000,-2.00000,2.45500,0.01000
15539.00000,-2.00000,2.45500,0.01000
15555.00000,-2.00000,2.45500,0.01000
15571.00000,-2.00000,2.45500,0.01000
15589.00000,-2.00000,2.45500,0.01000
15606.00000,-2.00000,2.44500,0.01000
15621.00000,-2.00000,2.44500,0.01000
15638.00000,-2.00000,2.44500,0.01000
15656.00000,-2.00000,2.44500,0.01000
15672.00000,-2.00000,2.44500,0.01000
15689.00000,-2.00000,2.44500,0.01000
15706.00000,-2.00000,2.44500,0.01000
15722.00000,-2.00000,2.44500,0.01000
15739.00000,-2.00000,2.44500,0.01000
15755.00000,-2.00000,2.44500,0.01000
15773.00000,-2.00000,2.44500,0.01000
15800.00000,2.00000,2.44500,0.01000
15809.00000,2.00000,2.44500,0.01000
15822.00000,2.00000,2.44500,0.01000
15839.00000,2.00000,2.44500,0.01000
15856.00000,2.00000,2.44500,0.01000
15872.00000,2.00000,2.44500,0.01000
15888.00000,2.00000,2.44500,0.01000
15906.00000,2.00000,2.44500,0.01000
15923.00000,2.00000,2.44500,0.01000
15939.00000,2.00000,2.44500,0.01000
15956.00000,2.00000,2.44500,0.01000
15972.00000,2.00000,2.44500,0.01000
15989.00000,2.00000,2.44500,0.01000
16005.00000,2.00000,2.44500,0.01000
16023.00000,2.00000,2.44500,0.01000
16039.00000,2.00000,2.44500,0.01000
16056.00000,2.00000,2.44500,0.01000
16073.00000,2.00000,2.44500,0.01000
16089.00000,2.00000,2.44500,0.01000
16106.00000,2.00000,2.44500,0.01000
16123.00000,2.00000,2.42500,0.01000
16139.00000,2.00000,2.38500,0.01000
16156.00000,2.00000,2.33500,0.01000
16172.00000,2.00000,2.25500,0.01000
16190.00000,2.00000,2.13500,0.01000
16206.00000,2.00000,2.00500,0.01000
16223.00000,2.00000,1.85500,0.01000
16239.00000,2.00000,1.70500,0.01000
16256.00000,2.00000,1.60500,0.01000
16273.00000,2.00000,1.52500,0.01000
16289.00000,2.00000,1.47500,0.01000
16306.00000,2.00000,1.43500,0.01000
16323.00000,2.00000,1.40500,0.01000
16340.00000,2.00000,1.37500,0.01000
16356.00000,2.00000,1.34500,0.01000
16373.00000,2.00000,1.31500,0.01000
16390.00000,2.00000,1.28500,0.01000
16406.00000,2.00000,1.23500,0.01000
16422.00000,2.00000,1.18500,0.01000
16440.00000,2.00000,1.12500,0.01000
16456.00000,2.00000,1.06500,0.01000
16473.00000,2.00000,1.01500,0.01000
16490.00000,2.00000,0.95500,0.01000
16506.00000,2.00000,0.91500,0.01000
16523.00000,2.00000,0.88500,0.01000
16541.00000,2.00000,0.84500,0.01000
16556.00000,2.00000,0.79500,0.01000
16573.00000,2.00000,0.73500,0.01000
16590.00000,2.00000,0.67500,0.01000
16606.00000,2.00000,0.60500,0.01000
16623.00000,2.00000,0.48500,0.01000
16641.00000,2.00000,0.33500,0.01000
16657.00000,2.00000,0.18500,0.01000
16673.00000,2.00000,0.04500,0.01000
16690.00000,2.00000,-0.08500,0.01000
16707.00000,2.00000,-0.18500,0.01000
16723.00000,2.00000,-0.26500,0.01000
16740.00000,2.00000,-0.31500,0.01000
16757.00000,2.00000,-0.33500,0.01000
16773.00000,2.00000,-0.33500,0.01000
16790.00000,2.00000,-0.34500,0.01000
16807.00000,2.00000,-0.36500,0.01000
16823.00000,2.00000,-0.39500,0.01000
16841.00000,2.00000,-0.45500,0.01000
16857.00000,2.00000,-0.54500,0.01000
16873.00000,2.00000,-0.65500,0.01000
16890.00000,2.00000,-0.78500,0.01000
16906.00000,2.00000,-0.90500,0.01000
16923.00000,2.00000,-1.04500,0.01000
16940.00000,2.00000,-1.17500,0.01000
16956.00000,2.00000,-1.26500,0.01000
16973.00000,2.00000,-1.30500,0.01000
16989.00000,2.00000,-1.31500,0.01000
17007.00000,2.00000,-1.31500,0.01000
17024.00000,2.00000,-1.31500,0.01000
17040.00000,2.00000,-1.31500,0.01000
17056.00000,2.00000,-1.31500,0.01000
17073.00000,2.00000,-1.33500,0.01000
17090.00000,2.00000,-1.37500,0.01000
17106.00000,2.00000,-1.42500,0.01000
17123.00000,2.00000,-1.48500,0.01000
17140.00000,2.00000,-1.54500,0.01000
17157.00000,2.00000,-1.63500,0.01000
17174.00000,2.00000,-1.72500,0.01000
17190.00000,2.00000,-1.78500,0.01000
17207.00000,2.00000,-1.81500,0.01000
17224.00000,2.00000,-1.81500,0.01000
17241.00000,2.00000,-1.81500,0.01000
17257.00000,2.00000,-1.81500,0.01000
17274.00000,2.00000,-1.81500,0.01000
17291.00000,2.00000,-1.85500,0.01000
17307.00000,2.00000,-1.90500,0.01000
17324.00000,2.00000,-1.93500,0.01000
17340.00000,2.00000,-1.97500,0.01000
17358.00000,2.00000,-2.00500,0.01000
17374.00000,2.00000,-2.03500,0.01000
17390.00000,2.00000,-2.06500,0.01000
17407.00000,2.00000,-2.07500,0.01000
17424.00000,2.00000,-2.07500,0.01000
17440.00000,2.00000,-2.07500,0.01000
17458.00000,2.00000,-2.09500,0.01000
17474.00000,2.00000,-2.12500,0.01000
17491.00000,2.00000,-2.15500,0.01000
17507.00000,2.00000,-2.19500,0.01000
17523.00000,2.00000,-2.22500,0.01000
17541.00000,2.00000,-2.25500,0.01000
17557.00000,2.00000,-2.29500,0.01000
17573.00000,2.00000,-2.30500,0.01000
17591.00000,2.00000,-2.31500,0.01000
17607.00000,2.00000,-2.31500,0.01000
17623.00000,2.00000,-2.31500,0.01000
17640.00000,2.00000,-2.32500,0.01000
17658.00000,2.00000,-2.32500,0.01000
17675.00000,2.00000,-2.33500,0.01000
17691.00000,2.00000,-2.35500,0.01000
17707.00000,2.00000,-2.39500,0.01000
17724.00000,2.00000,-2.43500,0.01000
17741.00000,2.00000,-2.48500,0.01000
17757.00000,2.00000,-2.50500,0.01000
17786.00000,-2.00000,-2.50500,0.01000
17794.00000,-2.00000,-2.50500,0.01000
17808.00000,-2.00000,-2.50500,0.01000
17824.00000,-2.00000,-2.50500,0.01000
17841.00000,-2.00000,-2.50500,0.01000
17858.00000,-2.00000,-2.50500,0.01000
17875.00000,-2.00000,-2.50500,0.01000
17890.00000,-2.00000,-2.50500,0.01000
17908.00000,-2.00000,-2.50500,0.01000
17925.00000,-2.00000,-2.50500,0.01000
17941.00000,-2.00000,-2.50500,0.01000
17957.00000,-2.00000,-2.50500,0.01000
17975.00000,-2.00000,-2.50500,0.01000
17991.00000,-2.00000,-2.50500,0.01000
18008.00000,-2.00000,-2.50500,0.01000
18025.00000,-2.00000,-2.50500,0.01000
18042.00000,-2.00000,-2.50500,0.01000
18059.00000,-2.00000,-2.50500,0.01000
18074.00000,-2.00000,-2.50500,0.01000
18091.00000,-2.00000,-2.50500,0.01000
18108.00000,-2.00000,-2.50500,0.01000
18125.00000,-2.00000,-2.50500,0.01000
18141.00000,-2.00000,-2.50500,0.01000
18158.00000,-2.00000,-2.50500,0.01000
18174.00000,-2.00000,-2.50500,0.01000
18192.00000,-2.00000,-2.48500,0.01000
18208.00000,-2.00000,-2.44500,0.01000
18225.00000,-2.00000,-2.39500,0.01000
18241.00000,-2.00000,-2.32500,0.01000
18258.00000,-2.00000,-2.24500,0.01000
18275.00000,-2.00000,-2.15500,0.01000
18292.00000,-2.00000,-2.05500,0.01000
18308.00000,-2.00000,-1.95500,0.01000
18324.00000,-2.00000,-1.85500,0.01000
18341.00000,-2.00000,-1.77500,0.01000
18358.00000,-2.00000,-1.70500,0.01000
18375.00000,-2.00000,-1.62500,0.01000
18391.00000,-2.00000,-1.53500,0.01000
18408.00000,-2.00000,-1.40500,0.01000
18425.00000,-2.00000,-1.23500,0.01000
18441.00000,-2.00000,-1.09500,0.01000
18458.00000,-2.00000,-0.99500,0.01000
18475.00000,-2.00000,-0.90500,0.01000
18491.00000,-2.00000,-0.85500,0.01000
18508.00000,-2.00000,-0.81500,0.01000
18526.00000,-2.00000,-0.78500,0.01000
18541.00000,-2.00000,-0.76500,0.01000
18558.00000,-2.00000,-0.73500,0.01000
18575.00000,-2.00000,-0.70500,0.01000
18591.00000,-2.00000,-0.66500,0.01000
18609.00000,-2.00000,-0.60500,0.01000
18625.00000,-2.00000,-0.52500,0.01000
18641.00000,-2.00000,-0.41500,0.01000
18658.00000,-2.00000,-0.30500,0.01000
18675.00000,-2.00000,-0.19500,0.01000
18692.00000,-2.00000,-0.09500,0.01000
18708.00000,-2.00000,0.00500,0.01000
18725.00000,-2.00000,0.06500,0.01000
18742.00000,-2.00000,0.09500,0.01000
18759.00000,-2.00000,0.11500,0.01000
18775.00000,-2.00000,0.12500,0.01000
18792.00000,-2.00000,0.14500,0.01000
18808.00000,-2.00000,0.17500,0.01000
18825.00000,-2.00000,0.22500,0.01000
18842.00000,-2.00000,0.29500,0.01000
18858.00000,-2.00000,0.38500,0.01000
18875.00000,-2.00000,0.50500,0.01000
18891.00000,-2.00000,0.66500,0.01000
18908.00000,-2.00000,0.84500,0.01000
18926.00000,-2.00000,1.00500,0.01000
18942.00000,-2.00000,1.11500,0.01000
18958.00000,-2.00000,1.18500,0.01000
18975.00000,-2.00000,1.21500,0.01000
18992.00000,-2.00000,1.23500,0.01000
19008.00000,-2.00000,1.25500,0.01000
19025.00000,-2.00000,1.27500,0.01000
19042.00000,-2.00000,1.31500,0.01000
19059.00000,-2.00000,1.37500,0.01000
19075.00000,-2.00000,1.43500,0.01000
19092.00000,-2.00000,1.49500,0.01000
19108.00000,-2.00000,1.57500,0.01000
19126.00000,-2.00000,1.65500,0.01000
19142.00000,-2.00000,1.72500,0.01000
19159.00000,-2.00000,1.80500,0.01000
19175.00000,-2.00000,1.87500,0.01000
19192.00000,-2.00000,1.89500,0.01000
19210.00000,-2.00000,1.90500,0.01000
19226.00000,-2.00000,1.90500,0.01000
19243.00000,-2.00000,1.91500,0.01000
19259.00000,-2.00000,1.93500,0.01000
19276.00000,-2.00000,1.97500,0.01000
19293.00000,-2.00000,2.02500,0.01000
19308.00000,-2.00000,2.06500,0.01000
19326.00000,-2.00000,2.11500,0.01000
19343.00000,-2.00000,2.17500,0.01000
19359.00000,-2.00000,2.22500,0.01000
19377.00000,-2.00000,2.27500,0.01000
19392.00000,-2.00000,2.30500,0.01000
19410.00000,-2.00000,2.32500,0.01000
19427.00000,-2.00000,2.32500,0.01000
19443.00000,-2.00000,2.32500,0.01000
19459.00000,-2.00000,2.32500,0.01000
19477.00000,-2.00000,2.32500,0.01000
19493.00000,-2.00000,2.33500,0.01000
19510.00000,-2.00000,2.36500,0.01000
19526.00000,-2.00000,2.38500,0.01000
19542.00000,-2.00000,2.40500,0.01000
19559.00000,-2.00000,2.42500,0.01000
19576.00000,-2.00000,2.43500,0.01000
19593.00000,-2.00000,2.44500,0.01000
19610.00000,-2.00000,2.44500,0.01000
19627.00000,-2.00000,2.44500,0.01000
19642.00000,-2.00000,2.44500,0.01000
19659.00000,-2.00000,2.44500,0.01000
19677.00000,-2.00000,2.44500,0.01000
19693.00000,-2.00000,2.44500,0.01000
19709.00000,-2.00000,2.44500,0.01000
19725.00000,-2.00000,2.44500,0.01000
19743.00000,-2.00000,2.44500,0.01000
19759.00000,-2.00000,2.44500,0.01000
19787.00000,2.00000,2.44500,0.01000
19796.00000,2.00000,2.44500,0.01000
19809.00000,2.00000,2.44500,0.01000
19827.00000,2.00000,2.44500,0.01000
19843.00000,2.00000,2.44500,0.01000
19860.00000,2.00000,2.44500,0.01000
19877.00000,2.00000,2.44500,0.01000
19893.00000,2.00000,2.44500,0.01000
19910.00000,2.00000,2.44500,0.01000
19927.00000,2.00000,2.44500,0.01000
19943.00000,2.00000,2.44500,0.01000
19960.00000,2.00000,2.44500,0.01000
19976.00000,2.00000,2.44500,0.01000
19993.00000,2.00000,2.44500,0.01000
20010.00000,2.00000,2.44500,0.01000
20026.00000,2.00000,2.44500,0.01000
20043.00000,2.00000,2.44500,0.01000
20059.00000,2.00000,2.44500,0.01000
20077.00000,2.00000,2.42500,0.01000
20093.00000,2.00000,2.40500,0.01000
20110.00000,2.00000,2.37500,0.01000
20126.00000,2.00000,2.31500,0.01000
20143.00000,2.00000,2.25500,0.01000
20159.00000,2.00000,2.20500,0.01000
20177.00000,2.00000,2.15500,0.01000
20193.00000,2.00000,2.10500,0.01000
20210.00000,2.00000,2.02500,0.01000
20227.00000,2.00000,1.93500,0.01000
20243.00000,2.00000,1.85500,0.01000
20260.00000,2.00000,1.76500,0.01000
20277.00000,2.00000,1.67500,0.01000
20293.00000,2.00000,1.56500,0.01000
20310.00000,2.00000,1.46500,0.01000
20326.00000,2.00000,1.35500,0.01000
20343.00000,2.00000,1.26500,0.01000
20360.00000,2.00000,1.17500,0.01000
20377.00000,2.00000,1.08500,0.01000
20393.00000,2.00000,1.00500,0.01000
20411.00000,2.00000,0.93500,0.01000
20428.00000,2.00000,0.88500,0.01000
20443.00000,2.00000,0.81500,0.01000
20460.00000,2.00000,0.74500,0.01000
20476.00000,2.00000,0.65500,0.01000
20494.00000,2.00000,0.53500,0.01000
20510.00000,2.00000,0.40500,0.01000
20527.00000,2.00000,0.27500,0.01000
20543.00000,2.00000,0.18500,0.01000
20560.00000,2.00000,0.13500,0.01000
20576.00000,2.00000,0.12500,0.01000
20593.00000,2.00000,0.11500,0.01000
20610.00000,2.00000,0.09500,0.01000
20627.00000,2.00000,0.08500,0.01000
20644.00000,2.00000,0.05500,0.01000
20660.00000,2.00000,0.02500,0.01000
20677.00000,2.00000,-0.02500,0.01000
20694.00000,2.00000,-0.09500,0.01000
20711.00000,2.00000,-0.18500,0.01000
20726.00000,2.00000,-0.27500,0.01000
20744.00000,2.00000,-0.41500,0.01000
20761.00000,2.00000,-0.55500,0.01000
20777.00000,2.00000,-0.67500,0.01000
20794.00000,2.00000,-0.74500,0.01000
20810.00000,2.00000,-0.79500,0.01000
20827.00000,2.00000,-0.80500,0.01000
20844.00000,2.00000,-0.81500,0.01000
20860.00000,2.00000,-0.84500,0.01000
20878.00000,2.00000,-0.87500,0.01000
20894.00000,2.00000,-0.93500,0.01000
20910.00000,2.00000,-1.01500,0.01000
20927.00000,2.00000,-1.11500,0.01000
20944.00000,2.00000,-1.21500,0.01000
20961.00000,2.00000,-1.31500,0.01000
20977.00000,2.00000,-1.39500,0.01000
20994.00000,2.00000,-1.44500,0.01000
21011.00000,2.00000,-1.48500,0.01000
21028.00000,2.00000,-1.51500,0.01000
21044.00000,2.00000,-1.55500,0.01000
21062.00000,2.00000,-1.60500,0.01000
21078.00000,2.00000,-1.66500,0.01000
21094.00000,2.00000,-1.71500,0.01000
21110.00000,2.00000,-1.77500,0.01000
21128.00000,2.00000,-1.83500,0.01000
21145.00000,2.00000,-1.88500,0.01000
21161.00000,2.00000,-1.92500,0.01000
21177.00000,2.00000,-1.94500,0.01000
21195.00000,2.00000,-1.95500,0.01000
21210.00000,2.00000,-1.95500,0.01000
21228.00000,2.00000,-1.95500,0.01000
21244.00000,2.00000,-1.96500,0.01000
21261.00000,2.00000,-1.98500,0.01000
21278.00000,2.00000,-1.99500,0.01000
21295.00000,2.00000,-2.01500,0.01000
21313.00000,2.00000,-2.04500,0.01000
21328.00000,2.00000,-2.07500,0.01000
21344.00000,2.00000,-2.11500,0.01000
21361.00000,2.00000,-2.14500,0.01000
21378.00000,2.00000,-2.18500,0.01000
21394.00000,2.00000,-2.22500,0.01000
21412.00000,2.00000,-2.24500,0.01000
21429.00000,2.00000,-2.28500,0.01000
21445.00000,2.00000,-2.30500,0.01000
21461.00000,2.00000,-2.30500,0.01000
21478.00000,2.00000,-2.30500,0.01000
21495.00000,2.00000,-2.30500,0.01000
21512.00000,2.00000,-2.31500,0.01000
21528.00000,2.00000,-2.33500,0.01000
21545.00000,2.00000,-2.35500,0.01000
21561.00000,2.00000,-2.37500,0.01000
21578.00000,2.00000,-2.39500,0.01000
21595.00000,2.00000,-2.40500,0.01000
21610.00000,2.00000,-2.40500,0.01000
21628.00000,2.00000,-2.40500,0.01000
21645.00000,2.00000,-2.40500,0.01000
21661.00000,2.00000,-2.40500,0.01000
21677.00000,2.00000,-2.41500,0.01000
21695.00000,2.00000,-2.42500,0.01000
21712.00000,2.00000,-2.42500,0.01000
21729.00000,2.00000,-2.43500,0.01000
21744.00000,2.00000,-2.44500,0.01000
21762.00000,2.00000,-2.46500,0.01000
21790.00000,-2.00000,-2.47500,0.01000
21799.00000,-2.00000,-2.48500,0.01000
21812.00000,-2.00000,-2.48500,0.01000
21829.00000,-2.00000,-2.48500,0.01000
21845.00000,-2.00000,-2.48500,0.01000
21862.00000,-2.00000,-2.48500,0.01000
21878.00000,-2.00000,-2.48500,0.01000
21895.00000,-2.00000,-2.48500,0.01000
21912.00000,-2.00000,-2.48500,0.01000
21928.00000,-2.00000,-2.49500,0.01000
21946.00000,-2.00000,-2.49500,0.01000
21962.00000,-2.00000,-2.50500,0.01000
21979.00000,-2.00000,-2.50500,0.01000
21995.00000,-2.00000,-2.51500,0.01000
22011.00000,-2.00000,-2.51500,0.01000
22029.00000,-2.00000,-2.52500,0.01000
22046.00000,-2.00000,-2.52500,0.01000
22061.00000,-2.00000,-2.52500,0.01000
22079.00000,-2.00000,-2.52500,0.01000
22095.00000,-2.00000,-2.52500,0.01000
22112.00000,-2.00000,-2.52500,0.01000
22128.00000,-2.00000,-2.52500,0.01000
22146.00000,-2.00000,-2.52500,0.01000
22163.00000,-2.00000,-2.52500,0.01000
22179.00000,-2.00000,-2.52500,0.01000
22194.00000,-2.00000,-2.52500,0.01000
22212.00000,-2.00000,-2.52500,0.01000
22229.00000,-2.00000,-2.52500,0.01000
22245.00000,-2.00000,-2.52500,0.01000
22261.00000,-2.00000,-2.49500,0.01000
22278.00000,-2.00000,-2.43500,0.01000
22295.00000,-2.00000,-2.35500,0.01000
22312.00000,-2.00000,-2.27500,0.01000
22329.00000,-2.00000,-2.18500,0.01000
22346.00000,-2.00000,-2.08500,0.01000
22362.00000,-2.00000,-2.01500,0.01000
22379.00000,-2.00000,-1.93500,0.01000
22395.00000,-2.00000,-1.87500,0.01000
22412.00000,-2.00000,-1.83500,0.01000
22429.00000,-2.00000,-1.79500,0.01000
22446.00000,-2.00000,-1.75500,0.01000
22462.00000,-2.00000,-1.69500,0.01000
22479.00000,-2.00000,-1.62500,0.01000
22496.00000,-2.00000,-1.52500,0.01000
22512.00000,-2.00000,-1.44500,0.01000
22529.00000,-2.00000,-1.34500,0.01000
22546.00000,-2.00000,-1.24500,0.01000
22563.00000,-2.00000,-1.14500,0.01000
22578.00000,-2.00000,-1.05500,0.01000
22596.00000,-2.00000,-0.98500,0.01000
22612.00000,-2.00000,-0.93500,0.01000
22630.00000,-2.00000,-0.89500,0.01000
22645.00000,-2.00000,-0.86500,0.01000
22662.00000,-2.00000,-0.82500,0.01000
22679.00000,-2.00000,-0.78500,0.01000
22696.00000,-2.00000,-0.72500,0.01000
22712.00000,-2.00000,-0.64500,0.01000
22729.00000,-2.00000,-0.55500,0.01000
22745.00000,-2.00000,-0.43500,0.01000
22762.00000,-2.00000,-0.32500,0.01000
22779.00000,-2.00000,-0.21500,0.01000
22796.00000,-2.00000,-0.12500,0.01000
22812.00000,-2.00000,-0.05500,0.01000
22830.00000,-2.00000,-0.00500,0.01000
22846.00000,-2.00000,0.02500,0.01000
22863.00000,-2.00000,0.06500,0.01000
22880.00000,-2.00000,0.12500,0.01000
22896.00000,-2.00000,0.20500,0.01000
22912.00000,-2.00000,0.30500,0.01000
22930.00000,-2.00000,0.40500,0.01000
22945.00000,-2.00000,0.52500,0.01000
22962.00000,-2.00000,0.62500,0.01000
22979.00000,-2.00000,0.68500,0.01000
22996.00000,-2.00000,0.72500,0.01000
23014.00000,-2.00000,0.74500,0.01000
23030.00000,-2.00000,0.74500,0.01000
23047.00000,-2.00000,0.75500,0.01000
23063.00000,-2.00000,0.76500,0.01000
23079.00000,-2.00000,0.79500,0.01000
23096.00000,-2.00000,0.83500,0.01000
23113.00000,-2.00000,0.89500,0.01000
23130.00000,-2.00000,0.95500,0.01000
23147.00000,-2.00000,1.01500,0.01000
23163.00000,-2.00000,1.07500,0.01000
23180.00000,-2.00000,1.12500,0.01000
23197.00000,-2.00000,1.17500,0.01000
23213.00000,-2.00000,1.20500,0.01000
23229.00000,-2.00000,1.23500,0.01000
23247.00000,-2.00000,1.25500,0.01000
23264.00000,-2.00000,1.26500,0.01000
23280.00000,-2.00000,1.30500,0.01000
23296.00000,-2.00000,1.35500,0.01000
23314.00000,-2.00000,1.40500,0.01000
23329.00000,-2.00000,1.47500,0.01000
23347.00000,-2.00000,1.55500,0.01000
23363.00000,-2.00000,1.62500,0.01000
23379.00000,-2.00000,1.71500,0.01000
23396.00000,-2.00000,1.79500,0.01000
23413.00000,-2.00000,1.83500,0.01000
23430.00000,-2.00000,1.87500,0.01000
23447.00000,-2.00000,1.88500,0.01000
23463.00000,-2.00000,1.90500,0.01000
23481.00000,-2.00000,1.91500,0.01000
23496.00000,-2.00000,1.92500,0.01000
23512.00000,-2.00000,1.94500,0.01000
23529.00000,-2.00000,1.97500,0.01000
23547.00000,-2.00000,2.01500,0.01000
23563.00000,-2.00000,2.06500,0.01000
23580.00000,-2.00000,2.10500,0.01000
23597.00000,-2.00000,2.14500,0.01000
23614.00000,-2.00000,2.18500,0.01000
23630.00000,-2.00000,2.20500,0.01000
23647.00000,-2.00000,2.23500,0.01000
23664.00000,-2.00000,2.25500,0.01000
23681.00000,-2.00000,2.26500,0.01000
23696.00000,-2.00000,2.27500,0.01000
23713.00000,-2.00000,2.28500,0.01000
23730.00000,-2.00000,2.29500,0.01000
23747.00000,-2.00000,2.31500,0.01000
23763.00000,-2.00000,2.33500,0.01000
23793.00000,2.00000,2.36500,0.01000
23803.00000,2.00000,2.38500,0.01000
23813.00000,2.00000,2.38500,0.01000
23830.00000,2.00000,2.40500,0.01000
23848.00000,2.00000,2.41500,0.01000
23864.00000,2.00000,2.41500,0.01000
23880.00000,2.00000,2.41500,0.01000
23897.00000,2.00000,2.41500,0.01000
23914.00000,2.00000,2.41500,0.01000
23930.00000,2.00000,2.41500,0.01000
23946.00000,2.00000,2.41500,0.01000
23963.00000,2.00000,2.42500,0.01000
23980.00000,2.00000,2.42500,0.01000
23997.00000,2.00000,2.43500,0.01000
24013.00000,2.00000,2.44500,0.01000
24031.00000,2.00000,2.44500,0.01000
24047.00000,2.00000,2.44500,0.01000
24064.00000,2.00000,2.44500,0.01000
24080.00000,2.00000,2.44500,0.01000
24098.00000,2.00000,2.44500,0.01000
24113.00000,2.00000,2.44500,0.01000
24130.00000,2.00000,2.44500,0.01000
24147.00000,2.00000,2.43500,0.01000
24165.00000,2.00000,2.43500,0.01000
24180.00000,2.00000,2.42500,0.01000
24197.00000,2.00000,2.39500,0.01000
24214.00000,2.00000,2.35500,0.01000
24230.00000,2.00000,2.31500,0.01000
24247.00000,2.00000,2.26500,0.01000
24264.00000,2.00000,2.19500,0.01000
24280.00000,2.00000,2.10500,0.01000
24298.00000,2.00000,2.02500,0.01000
24314.00000,2.00000,1.92500,0.01000
24330.00000,2.00000,1.83500,0.01000
24347.00000,2.00000,1.75500,0.01000
24364.00000,2.00000,1.68500,0.01000
24382.00000,2.00000,1.63500,0.01000
24398.00000,2.00000,1.59500,0.01000
24413.00000,2.00000,1.56500,0.01000
24431.00000,2.00000,1.53500,0.01000
24447.00000,2.00000,1.49500,0.01000
24464.00000,2.00000,1.43500,0.01000
24480.00000,2.00000,1.36500,0.01000
24497.00000,2.00000,1.26500,0.01000
24514.00000,2.00000,1.16500,0.01000
24531.00000,2.00000,1.04500,0.01000
24547.00000,2.00000,0.90500,0.01000
24564.00000,2.00000,0.76500,0.01000
24581.00000,2.00000,0.61500,0.01000
24597.00000,2.00000,0.49500,0.01000
24614.00000,2.00000,0.39500,0.01000
24631.00000,2.00000,0.30500,0.01000
24648.00000,2.00000,0.24500,0.01000
24664.00000,2.00000,0.20500,0.01000
24682.00000,2.00000,0.16500,0.01000
24698.00000,2.00000,0.12500,0.01000
24714.00000,2.00000,0.08500,0.01000
24731.00000,2.00000,0.03500,0.01000
24748.00000,2.00000,-0.02500,0.01000
24764.00000,2.00000,-0.10500,0.01000
24781.00000,2.00000,-0.17500,0.01000
24798.00000,2.00000,-0.25500,0.01000
24814.00000,2.00000,-0.32500,0.01000
24831.00000,2.00000,-0.39500,0.01000
24848.00000,2.00000,-0.45500,0.01000
24864.00000,2.00000,-0.50500,0.01000
24881.00000,2.00000,-0.54500,0.01000
24899.00000,2.00000,-0.59500,0.01000
24915.00000,2.00000,-0.64500,0.01000
24931.00000,2.00000,-0.71500,0.01000
24947.00000,2.00000,-0.77500,0.01000
24965.00000,2.00000,-0.83500,0.01000
24981.00000,2.00000,-0.90500,0.01000
24998.00000,2.00000,-0.95500,0.01000
25014.00000,2.00000,-1.02500,0.01000
25031.00000,2.00000,-1.08500,0.01000
25048.00000,2.00000,-1.12500,0.01000
25064.00000,2.00000,-1.14500,0.01000
25081.00000,2.00000,-1.16500,0.01000
25099.00000,2.00000,-1.18500,0.01000
25115.00000,2.00000,-1.21500,0.01000
25132.00000,2.00000,-1.24500,0.01000
25149.00000,2.00000,-1.29500,0.01000
25165.00000,2.00000,-1.34500,0.01000
25181.00000,2.00000,-1.40500,0.01000
25198.00000,2.00000,-1.47500,0.01000
25215.00000,2.00000,-1.53500,0.01000
25232.00000,2.00000,-1.58500,0.01000
25248.00000,2.00000,-1.61500,0.01000
25265.00000,2.00000,-1.63500,0.01000
25282.00000,2.00000,-1.64500,0.01000
25299.00000,2.00000,-1.65500,0.01000
25315.00000,2.00000,-1.68500,0.01000
25332.00000,2.00000,-1.73500,0.01000
25348.00000,2.00000,-1.79500,0.01000
25365.00000,2.00000,-1.85500,0.01000
25382.00000,2.00000,-1.92500,0.01000
25399.00000,2.00000,-1.98500,0.01000
25415.00000,2.00000,-2.06500,0.01000
25431.00000,2.00000,-2.13500,0.01000
25448.00000,2.00000,-2.19500,0.01000
25466.00000,2.00000,-2.23500,0.01000
25481.00000,2.00000,-2.25500,0.01000
25498.00000,2.00000,-2.27500,0.01000
25514.00000,2.00000,-2.27500,0.01000
25532.00000,2.00000,-2.27500,0.01000
25548.00000,2.00000,-2.27500,0.01000
25566.00000,2.00000,-2.27500,0.01000
25581.00000,2.00000,-2.28500,0.01000
25599.00000,2.00000,-2.30500,0.01000
25616.00000,2.00000,-2.32500,0.01000
25632.00000,2.00000,-2.34500,0.01000
25649.00000,2.00000,-2.36500,0.01000
25666.00000,2.00000,-2.36500,0.01000
25682.00000,2.00000,-2.36500,0.01000
25698.00000,2.00000,-2.36500,0.01000
25716.00000,2.00000,-2.36500,0.01000
25732.00000,2.00000,-2.36500,0.01000
25749.00000,2.00000,-2.37500,0.01000
25765.00000,2.00000,-2.37500,0.01000
25783.00000,2.00000,-2.39500,0.01000
25800.00000,2.00000,-2.40500,0.01000
25816.00000,2.00000,-2.41500,0.01000
25832.00000,2.00000,-2.42500,0.01000
25849.00000,2.00000,-2.43500,0.01000
25866.00000,2.00000,-2.43500,0.01000
25882.00000,2.00000,-2.43500,0.01000
25898.00000,2.00000,-2.43500,0.01000
25915.00000,2.00000,-2.43500,0.01000
25933.00000,2.00000,-2.43500,0.01000
25949.00000,2.00000,-2.43500,0.01000
25965.00000,2.00000,-2.43500,0.01000
25982.00000,2.00000,-2.45500,0.01000
26000.00000,2.00000,-2.45500,0.01000
26016.00000,2.00000,-2.46500,0.01000
26032.00000,2.00000,-2.46500,0.01000
26049.00000,2.00000,-2.46500,0.01000
26066.00000,2.00000,-2.46500,0.01000
26083.00000,2.00000,-2.46500,0.01000
26099.00000,2.00000,-2.46500,0.01000
26116.00000,2.00000,-2.46500,0.01000
26133.00000,2.00000,-2.46500,0.01000
26149.00000,2.00000,-2.46500,0.01000
26165.00000,2.00000,-2.46500,0.01000
26182.00000,2.00000,-2.46500,0.01000
26199.00000,2.00000,-2.46500,0.01000
26216.00000,2.00000,-2.46500,0.01000
26232.00000,2.00000,-2.46500,0.01000
26249.00000,2.00000,-2.46500,0.01000
26265.00000,2.00000,-2.46500,0.01000
26282.00000,2.00000,-2.46500,0.01000
26298.00000,2.00000,-2.46500,0.01000
26316.00000,2.00000,-2.46500,0.01000
26333.00000,2.00000,-2.46500,0.01000
26349.00000,2.00000,-2.46500,0.01000
26365.00000,2.00000,-2.46500,0.01000
26383.00000,2.00000,-2.46500,0.01000
26399.00000,2.00000,-2.46500,0.01000
26416.00000,2.00000,-2.46500,0.01000
26432.00000,2.00000,-2.46500,0.01000
26449.00000,2.00000,-2.46500,0.01000
26466.00000,2.00000,-2.46500,0.01000
26483.00000,2.00000,-2.46500,0.01000
26500.00000,2.00000,-2.46500,0.01000
26516.00000,2.00000,-2.46500,0.01000
26532.00000,2.00000,-2.46500,0.01000
26549.00000,2.00000,-2.46500,0.01000
26566.00000,2.00000,-2.46500,0.01000
26582.00000,2.00000,-2.46500,0.01000
26599.00000,2.00000,-2.46500,0.01000
26616.00000,2.00000,-2.46500,0.01000
26633.00000,2.00000,-2.46500,0.01000
26649.00000,2.00000,-2.46500,0.01000
26666.00000,2.00000,-2.46500,0.01000
26683.00000,2.00000,-2.46500,0.01000
26699.00000,2.00000,-2.46500,0.01000
26715.00000,2.00000,-2.46500,0.01000
26733.00000,2.00000,-2.46500,0.01000
26749.00000,2.00000,-2.46500,0.01000
26765.00000,2.00000,-2.46500,0.01000
26782.00000,2.00000,-2.46500,0.01000
26800.00000,2.00000,-2.46500,0.01000
26816.00000,2.00000,-2.46500,0.01000
26832.00000,2.00000,-2.46500,0.01000
26850.00000,2.00000,-2.46500,0.01000
26866.00000,2.00000,-2.46500,0.01000
26882.00000,2.00000,-2.46500,0.01000
26900.00000,2.00000,-2.46500,0.01000
26917.00000,2.00000,-2.46500,0.01000
26933.00000,2.00000,-2.46500,0.01000
26949.00000,2.00000,-2.46500,0.01000
26967.00000,2.00000,-2.46500,0.01000
26984.00000,2.00000,-2.46500,0.01000
27000.00000,2.00000,-2.46500,0.01000
27017.00000,2.00000,-2.46500,0.01000
27034.00000,2.00000,-2.46500,0.01000
27050.00000,2.00000,-2.46500,0.01000
27066.00000,2.00000,-2.46500,0.01000
27083.00000,2.00000,-2.46500,0.01000
27100.00000,2.00000,-2.46500,0.01000
27117.00000,2.00000,-2.46500,0.01000
27133.00000,2.00000,-2.46500,0.01000
27150.00000,2.00000,-2.46500,0.01000
27167.00000,2.00000,-2.46500,0.01000
27184.00000,2.00000,-2.46500,0.01000
27200.00000,2.00000,-2.46500,0.01000
27217.00000,2.00000,-2.46500,0.01000
27234.00000,2.00000,-2.46500,0.01000
27251.00000,2.00000,-2.46500,0.01000
27267.00000,2.00000,-2.46500,0.01000
27284.00000,2.00000,-2.46500,0.01000
27300.00000,2.00000,-2.46500,0.01000
27316.00000,2.00000,-2.46500,0.01000
27333.00000,2.00000,-2.46500,0.01000
27350.00000,2.00000,-2.46500,0.01000
27367.00000,2.00000,-2.46500,0.01000
27384.00000,2.00000,-2.46500,0.01000
27400.00000,2.00000,-2.46500,0.01000
27417.00000,2.00000,-2.46500,0.01000
27433.00000,2.00000,-2.46500,0.01000
